{"cameraMode":{"drawMode":0,"name":"Shaded","section":"Shading Mode"},"sceneLighting":true,"audioPlay":false,"sceneViewState":{"showFog":true,"showMaterialUpdate":false,"showSkybox":false,"showFlares":true,"showImageEffects":true,"showParticleSystems":true},"in2DMode":false,"pivot":{"x":-3.730294942855835,"y":-4.94498348236084,"z":-0.46022772789001467},"rotation":{"x":-0.2673463523387909,"y":0.4994971752166748,"z":-0.16542251408100129,"w":-0.8072589039802551},"size":7.738733768463135,"orthographic":false}