{"cameraMode":{"drawMode":0,"name":"Shaded","section":"Shading Mode"},"sceneLighting":true,"audioPlay":false,"sceneViewState":{"showFog":true,"showMaterialUpdate":false,"showSkybox":true,"showFlares":true,"showImageEffects":true,"showParticleSystems":true},"in2DMode":false,"pivot":{"x":-4.518701553344727,"y":-4.679209232330322,"z":0.6639324426651001},"rotation":{"x":-0.21523168683052064,"y":0.6585419774055481,"z":-0.20501726865768434,"w":-0.6913514733314514},"size":15.691182136535645,"orthographic":false}