{"cameraMode":{"drawMode":0,"name":"Shaded","section":"Shading Mode"},"sceneLighting":true,"audioPlay":false,"sceneViewState":{"showFog":true,"showMaterialUpdate":true,"showSkybox":true,"showFlares":true,"showImageEffects":true,"showParticleSystems":true},"in2DMode":false,"pivot":{"x":0.6146292686462402,"y":0.7528045177459717,"z":-0.7886819839477539},"rotation":{"x":-0.08736315369606018,"y":0.15184125304222108,"z":-0.013498849235475064,"w":-0.9844879508018494},"size":26.738088607788087,"orthographic":false}