{"cameraMode":{"drawMode":0,"name":"Shaded","section":"Shading Mode"},"sceneLighting":true,"audioPlay":false,"sceneViewState":{"showFog":true,"showMaterialUpdate":true,"showSkybox":true,"showFlares":true,"showImageEffects":true,"showParticleSystems":true},"in2DMode":false,"pivot":{"x":-1.6529016494750977,"y":0.2068638801574707,"z":0.09631538391113281},"rotation":{"x":-0.24452541768550874,"y":0.37408411502838137,"z":-0.1029319316148758,"w":-0.8886780142784119},"size":10.239046096801758,"orthographic":false}