{"cameraMode":{"drawMode":0,"name":"Shaded","section":"Shading Mode"},"sceneLighting":true,"audioPlay":false,"sceneViewState":{"showFog":true,"showMaterialUpdate":true,"showSkybox":true,"showFlares":true,"showImageEffects":true,"showParticleSystems":true},"in2DMode":false,"pivot":{"x":1.6895332336425782,"y":2.2389698028564455,"z":-3.3838555812835695},"rotation":{"x":-0.16303329169750215,"y":0.6702380180358887,"z":-0.15446659922599793,"w":-0.7073976993560791},"size":10.664765357971192,"orthographic":false}